A;1;G;0.259;N
A;2;P;0.062;P
A;3;T;0.227;N
A;4;G;0.108;N
A;5;T;0.155;N
A;6;G;0.358;N
A;7;E;-0.039;P
A;8;S;0.166;N
A;9;K;0.297;P
A;10;C;0.366;H
A;11;P;0.192;P
A;12;L;0.155;H
A;13;M;0.413;H
A;14;V;0.998;H
A;15;K;1.0;P
A;16;V;1.0;H
A;17;L;1.0;H
A;18;D;0.883;P
A;19;A;0.924;H
A;20;V;1.0;H
A;21;R;0.024;P
A;22;G;0.007;N
A;23;S;0.038;N
A;24;P;0.058;P
A;25;A;-0.003;H
A;26;I;0.17;H
A;27;N;0.045;P
A;28;V;0.2765;H;
A;29;A;0.014;H
A;30;V;0.012;H
A;31;H;0.006;N
A;32;V;0.299;H
A;33;F;0.037;H
A;34;R;0.008;P
A;35;K;0.007;P
A;36;A;0.215;H
A;37;A;-0.04;H
A;38;D;0.004;P
A;39;D;0.002;P
A;40;T;0.083;N
A;41;W;0.03;H
A;42;E;0.115;P
A;43;P;-0.01;P
A;44;F;0.705;H
A;45;A;0.511;H
A;46;S;0.627;N
A;47;G;0.216;N
A;48;K;0.009;P
A;49;T;0.013;N
A;50;S;0.092;N
A;51;E;0.082;P
A;52;S;0.098;N
A;53;G;0.007;N
A;54;E;-0.049;P
A;55;L;0.012;H
A;56;H;0.709;N
A;57;G;0.708;N
A;58;L;0.196;H
A;59;T;0.415;N
A;60;T;0.335;N
A;61;E;0.174;P
A;62;E;-0.048;P
A;63;E;0.162;P
A;64;F;0.083;H
A;65;V;0.153;H
A;66;E;0.021;P
A;67;G;-0.006;N
A;68;I;0.204;H
A;69;Y;0.003;H
A;70;K;0.04;P
A;71;V;0.03;H
A;72;E;0.04;P
A;73;I;-0.007;H
A;74;D;0.01;P
A;75;T;0.005;N
A;76;K;0.002;P
A;77;S;0.045;N
A;78;Y;0.011;H
A;79;W;-0.024;H
A;80;K;0.123;P
A;81;A;0.026;H
A;82;L;0.129;H
A;83;G;0.003;N
A;84;I;0.084;H
A;85;S;-0.042;N
A;86;P;0.005;P
A;87;F;0.044;H
A;88;H;0.375;N
A;89;E;-0.046;P
A;90;H;0.035;N
A;91;A;0.989;H
A;92;E;1.0;P
A;93;V;0.688;H
A;94;V;1.0;H
A;95;F;0.736;H
A;96;T;1.0;N
A;97;A;0.383;H
A;98;N;0.088;P
A;99;D;0.045;P
A;100;S;0.009;N
A;101;G;0.032;N
A;102;P;0.116;P
A;103;R;0.26;P
A;104;R;0.221;P
A;105;Y;0.935;H
A;106;T;1.0;N
A;107;I;0.943;H
A;108;A;0.61;H
A;109;A;1.0;H
A;110;L;1.0;H
A;111;L;0.774;H
A;112;S;0.998;N
A;113;P;1.0;P
A;114;Y;0.966;H
A;115;S;1.0;N
A;116;Y;0.119;H
A;117;S;0.275;N
A;118;T;-0.005;N
A;119;T;0.748;N
A;120;A;0.923;H
A;121;V;0.816;H
A;122;V;0.969;H
A;123;T;0.957;N
A;124;N;0.509;P
A;125;P;-0.039;P
A;126;K;0.206;P
A;127;E;-0.004;P
