A;40;Y;0.656;H
A;41;V;0.622;H
A;42;P;0.124;P
A;43;G;0.3215;N;
A;44;S;0.405;N
A;45;V;0.3315;H;
A;46;S;0.344;N
A;47;A;0.3425;H;
A;48;A;0.366;H
A;49;F;0.264;H
A;50;V;0.257;H
A;51;T;0.2545;N;
A;52;C;0.196;H
A;53;P;0.467;P
A;54;N;0.257;P
A;55;E;0.355;P
A;56;K;0.339;P
A;57;V;0.266;H;
A;58;A;0.321;H
A;59;K;0.478;P
A;60;E;0.19;P
A;61;I;0.264;H;
A;62;A;0.231;H
A;63;R;0.31;P
A;64;A;0.477;H
A;65;V;0.268;H
A;66;V;0.323;H;
A;67;E;0.095;P
A;68;K;0.271;P
A;69;R;0.073;P
A;70;L;0.765;H
A;71;A;0.528;H
A;72;A;0.702;H
A;73;C;0.355;H
A;74;V;0.47;H
A;75;N;0.367;P;
A;76;L;0.346;H
A;77;I;0.459;H
A;78;P;0.397;P
A;79;Q;0.432;N
A;80;I;0.446;H
A;81;T;0.433;N
A;82;S;0.321;N
A;83;I;0.4035;H;
A;84;Y;0.219;H
A;85;E;0.471;P
A;86;W;0.168;H
A;87;K;0.252;P
A;88;G;0.323;N
A;89;K;0.353;P
A;90;I;0.321;H;
A;91;E;0.18;P
A;92;E;0.049;P
A;93;D;0.185;P
A;94;S;0.366;N
A;95;E;0.328;P
A;96;V;0.468;H
A;97;L;0.457;H
A;98;M;0.576;H
A;99;M;0.701;H
A;100;I;0.589;H
A;101;K;0.628;P
A;102;T;0.374;N
A;103;Q;0.304;N;
A;104;S;0.498;N
A;105;S;0.41;N
A;106;L;0.443;H
A;107;V;0.2785;H;
A;108;P;0.38;P
A;109;A;0.3585;H;
A;110;L;0.266;H
A;111;T;0.231;N
A;112;D;0.434;P
A;113;F;0.3005;H;
A;114;V;0.475;H
A;115;R;0.3425;P;
A;116;S;0.193;N
A;117;V;0.697;H
A;118;H;0.566;N
A;119;P;0.193;P
A;120;Y;0.483;H
A;121;E;0.086;P
A;122;V;0.3745;H;
A;123;A;0.163;H
A;124;E;0.456;P
A;125;V;0.149;H
A;126;I;0.589;H
A;127;A;0.67;H
A;128;L;0.442;H
A;129;P;0.268;P
A;130;V;0.418;H;
A;131;E;0.205;P
A;132;Q;0.3535;N;
A;133;G;0.456;N
A;134;N;0.281;P
A;135;F;0.279;H
A;136;P;0.313;P
A;137;Y;0.428;H
A;138;L;0.51;H
A;139;Q;0.586;N
A;140;W;0.528;H
A;141;V;0.866;H
A;142;R;0.217;P
A;143;Q;0.444;N
A;144;V;0.15;H
A;145;T;0.44;N
A;146;E;0.429;P
