A;1;M;0.466;H
A;2;D;0.409;P
A;3;V;0.441;H
A;4;F;0.949;H
A;5;M;0.55;H
A;6;K;0.621;P
A;7;G;0.313;N
A;8;L;0.476;H
A;9;S;0.377;N
A;10;K;0.472;P
A;11;A;0.375;H
A;12;K;0.749;P
A;13;E;0.812;P
A;14;G;0.456;N
A;15;V;0.87;H
A;16;V;1.0;H
A;17;A;0.482;H
A;18;A;0.506;H
A;19;A;0.687;H
A;20;E;0.493;P
A;21;K;0.351;P
A;22;T;0.209;N
A;23;K;0.13;P
A;24;Q;0.102;N
A;25;G;0.552;N
A;26;V;0.957;H
A;27;A;0.433;H
A;28;E;0.061;P
A;29;A;0.42;H
A;30;A;0.465;H
A;31;G;0.354;N
A;32;K;0.242;P
A;33;T;0.133;N
A;34;K;0.077;P
A;35;E;0.854;P
A;36;G;0.776;N
A;37;V;0.236;H
A;38;L;0.454;H
A;39;Y;0.867;H
A;40;V;0.736;H
A;41;G;0.435;N
A;42;S;0.444;N
A;43;K;0.565;P
A;44;T;0.6;N
A;45;K;0.512;P
A;46;E;0.231;P
A;47;G;0.273;N
A;48;V;0.917;H
A;49;V;1.0;H
A;50;H;0.301;N
A;51;G;0.738;N
A;52;V;0.965;H
A;53;A;0.433;H
A;54;T;0.953;N
A;55;V;0.991;H
A;56;A;0.828;H
A;57;E;0.547;P
A;58;K;0.244;P
A;59;T;0.321;N
A;60;K;0.2955;P;
A;61;E;0.298;P
A;62;Q;0.179;N
A;63;V;0.931;H
A;64;T;0.503;N
A;65;N;0.245;P
A;66;V;0.5;H;
A;67;G;0.33;N
A;68;G;0.515;N
A;69;A;0.951;H
A;70;V;0.916;H
A;71;V;1.0;H
A;72;T;0.81;N
A;73;G;0.879;N
A;74;V;1.0;H
A;75;T;0.885;N
A;76;A;0.745;H
A;77;V;0.692;H
A;78;A;0.935;H
A;79;Q;0.264;N
A;80;K;0.698;P
A;81;T;0.82;N
A;82;V;0.943;H
A;83;E;0.257;P
A;84;G;0.3;N
A;85;A;0.559;H
A;86;G;0.505;N
A;87;S;0.544;N
A;88;I;1.0;H
A;89;A;0.953;H
A;90;A;0.678;H
A;91;A;0.79;H
A;92;T;0.663;N
A;93;G;0.676;N
A;94;F;1.0;H
A;95;V;1.0;H
A;96;K;0.165;P
A;97;K;0.398;P
A;98;D;0.312;P
A;99;Q;0.416;N
A;100;L;0.041;H
A;101;G;0.1;N
A;102;K;0.2;P
A;103;N;0.325;P
A;104;E;0.023;P
A;105;E;0.096;P
A;106;G;0.128;N
A;107;A;0.119;H
A;108;P;0.048;P
A;109;Q;0.599;N
A;110;E;0.595;P
A;111;G;0.38;N
A;112;I;0.324;H
A;113;L;0.3125;H;
A;114;E;0.498;P
A;115;D;0.294;P
A;116;M;0.588;H
A;117;P;0.728;P
A;118;V;1.0;H
A;119;D;-0.066;P
A;120;P;-0.043;P
A;121;D;0.179;P
A;122;N;0.214;P
A;123;E;0.191;P
A;124;A;0.254;H
A;125;Y;-0.064;H
A;126;E;0.132;P
A;127;M;0.169;H
A;128;P;-0.141;P
A;129;S;0.293;N
A;130;E;0.028;P
A;131;E;0.226;P
A;132;G;0.367;N
A;133;Y;0.319;H
A;134;Q;0.207;N
A;135;D;0.221;P
A;136;Y;0.325;H
A;137;E;0.098;P
A;138;P;-0.049;P
A;139;E;0.135;P
A;140;A;0.088;H
