A;0;M;0.43;H
A;1;I;0.3865;H;
A;2;Q;0.06;N
A;3;R;0.014;P
A;4;T;0.125;N
A;5;P;0.016;P
A;6;K;0.009;P
A;7;I;0.286;H;
A;8;Q;0.266;N
A;9;V;0.173;H
A;10;Y;0.365;H
A;11;S;0.318;N
A;12;R;0.408;P;
A;13;H;0.171;N
A;14;P;0.069;P
A;15;A;0.4575;H;
A;16;E;0.025;P
A;17;N;0.3355;P;
A;18;G;0.021;N
A;19;K;0.081;P
A;20;S;0.352;N
A;21;N;0.935;P
A;22;F;0.802;H
A;23;L;0.254;H
A;24;N;0.547;P
A;25;C;0.806;H
A;26;Y;0.973;H
A;27;V;0.885;H
A;28;S;0.939;N
A;29;G;1.0;N
A;30;F;1.0;H
A;31;H;1.0;N
A;32;P;1.0;P
A;33;S;1.0;N
A;34;D;0.919;P
A;35;I;0.92;H
A;36;E;0.939;P
A;37;V;1.0;H
A;38;D;0.255;P
A;39;L;0.994;H
A;40;L;0.502;H
A;41;K;0.793;P
A;42;N;0.086;P
A;43;G;0.044;N
A;44;E;0.257;P
A;45;R;0.391;P;
A;46;I;0.344;H
A;47;E;-0.009;P
A;48;K;0.179;P
A;49;V;0.247;H
A;50;E;0.008;P
A;51;H;0.187;N
A;52;S;0.083;N
A;53;D;0.245;P
A;54;L;0.365;H
A;55;S;0.988;N
A;56;F;0.609;H
A;57;S;0.864;N
A;58;K;0.754;P
A;59;D;0.343;P
A;60;W;1.0;H
A;61;S;0.875;N
A;62;F;1.0;H
A;63;Y;1.0;H
A;64;L;0.914;H
A;65;L;0.672;H
A;66;Y;0.496;H
A;67;Y;0.411;H
A;68;T;0.886;N
A;69;E;0.822;P
A;70;F;0.936;H
A;71;T;0.645;N
A;72;P;-0.021;P
A;73;T;0.145;N
A;74;E;0.0;P
A;75;K;0.172;P
A;76;D;-0.013;P
A;77;E;0.003;P
A;78;Y;0.437;H
A;79;A;0.435;H
A;80;C;0.469;H
A;81;R;0.548;P
A;82;V;0.958;H
A;83;N;0.944;P
A;84;H;0.907;N
A;85;V;1.0;H
A;86;T;1.0;N
A;87;L;0.775;H
A;88;S;0.655;N
A;89;Q;0.897;N
A;90;P;0.144;P
A;91;K;0.899;P
A;92;I;0.608;H
A;93;V;0.733;H
A;94;K;0.664;P
A;95;W;0.949;H
A;96;D;1.0;P
A;97;R;0.107;P
