Aminoacido;Simbolo;KyteDoolittle;HoppWoods;Cornetim;Eisenberg;Rosa;Janin;EngelmanGES;Prop-Alfa(2);Prop-Beta(2);Tamanho(3);Carga(3);1idade;TamanhoMassa
A;Ala;1.8;-0.5;0.2;0.62;0.74;0.3;1.6;1.41;0.75;Pequeno;Neutro;0;89.1
R;Arg;-4.5;3;1.4;-2.53;0.64;-1.4;-12.3;1.21;0.85;Grande;Positivo;1;174.2
N;Asn;-3.5;0.2;-0.5;-0.78;0.63;-0.5;-4.8;0.73;0.63;Medio;Neutro;1;132.1
D;Asp;-3.5;3;-3.1;-0.9;0.62;-0.6;-9.2;0.82;0.55;Medio;Negativo;1;133.1
C;Cys;2.5;-1;4.10;0.29;0.91;0.9;2;0.85;1.36;Pequeno;Neutro;1;121.2
Q;Gln;-3.5;0.2;-2.8;-0.85;0.62;-0.7;-4.1;1.26;0.72;Grande;Neutro;1;146.1
E;Glu;-3.5;3;-1.8;-0.74;0.62;-0.7;-8.2;1.39;0.65;Grande;Neutro;1;147.1
G;Gly;-0.4;0;0;0.48;0.72;0.3;1;0.44;0.67;Pequeno;Neutro;0;75.1
H;His;-3.2;-0.5;0.5;-0.4;0.78;-0.1;-3;0.87;0.99;Grande;Positivo;1;155.2
I;Ile;4.5;-1.8;4.8;1.38;0.88;0.7;3.10;1.04;1.79;Grande;Neutro;0;131.2
L;Leu;3.8;-1.8;5.7;1.06;0.85;0.5;2.8;1.28;1.15;Grande;Neutro;0;131.2
K;Lys;-3.9;3;-3.1;-1.5;0.52;-1.8;-8.8;1.17;0.76;Grande;Positivo;1;146.2
M;Met;1.9;-1.3;4.20;0.64;0.85;0.4;3.4;1.26;1.01;Grande;Neutro;0;149.2
F;Pre;2.8;-2.5;4.40;1.19;0.88;0.5;3.7;1;1.4;Grande;Neutro;0;165.2
P;Pro;-1.6;0;-2.2;0.12;0.64;-0.3;-0.2;0.44;0.4;Medio;Neutro;0;115.1
S;Ser;-0.8;0.3;-0.5;-0.18;0.66;-0.1;0.6;0.76;0.81;Pequeno;Neutro;1;105.1
T;Thr;-0.7;-0.4;-1.9;-0.05;0.7;-0.2;1.20;0.78;1.21;Medio;Neutro;1;119.1
W;Trp;-0.9;-3.4;1;0.81;0.85;0.3;1.9;1.07;1.23;Grande;Neutro;0;204.2
Y;Typ;-1.3;-2.3;3.20;0.26;0.76;-0.4;-0.7;0.98;1.37;Grande;Neutro;1;181.2
V;Val;4.20;-1.5;4.7;1.08;0.86;0.6;2.6;0.91;2;Medio;Neutro;0;117.1
